date,agent_id,calls_handled,avg_handle_time,resolution_time,satisfaction_score,resolved,queue,shift
2025-01-01 00:00:00,12,6,262,821,3.5200760912555498,1,Tech,Evening
2025-01-01 01:00:00,1,25,521,471,3.930844653321376,1,Tech,Evening
2025-01-01 02:00:00,4,15,211,644,3.5075666814654562,0,Tech,Evening
2025-01-01 03:00:00,1,8,377,561,4.604762531870534,0,Billing,Night
2025-01-01 04:00:00,3,9,205,493,4.933591565845397,1,Billing,Evening
2025-01-01 05:00:00,12,17,471,445,4.935112278498327,0,Billing,Evening
2025-01-01 06:00:00,13,10,269,707,3.798734304596162,1,Billing,Evening
2025-01-01 07:00:00,19,17,239,345,3.747102290594742,0,Tech,Night
2025-01-01 08:00:00,9,9,530,726,3.1481427804069195,0,Billing,Night
2025-01-01 09:00:00,1,6,250,509,4.095385659470234,1,Billing,Night
2025-01-01 10:00:00,11,17,412,378,4.501930421541136,0,General,Evening
2025-01-01 11:00:00,5,13,296,583,4.167222934592786,0,Billing,Night
2025-01-01 12:00:00,14,21,430,508,3.69767209031904,1,Tech,Morning
2025-01-01 13:00:00,17,10,259,374,3.376075340831602,1,Tech,Night
2025-01-01 14:00:00,1,13,385,454,4.2594102268374465,0,General,Evening
2025-01-01 15:00:00,9,11,396,456,3.6609031700484462,1,Tech,Morning
2025-01-01 16:00:00,13,20,352,599,4.432639190655685,0,General,Evening
2025-01-01 17:00:00,17,13,544,733,3.5656254653483765,1,Tech,Night
2025-01-01 18:00:00,18,19,284,361,3.009561466704537,1,Billing,Evening
2025-01-01 19:00:00,3,22,506,814,4.961514857672548,0,Tech,Morning
2025-01-01 20:00:00,18,24,329,376,3.6549042162026693,1,General,Morning
2025-01-01 21:00:00,3,14,380,752,4.7455700389398965,1,Billing,Night
2025-01-01 22:00:00,9,6,394,827,4.815323350435351,1,Tech,Morning
2025-01-01 23:00:00,12,15,587,414,3.2458184429433268,0,General,Night
2025-01-02 00:00:00,12,9,310,860,3.6452519264048524,0,General,Evening
2025-01-02 01:00:00,4,21,575,456,4.949267616094657,0,Billing,Night
2025-01-02 02:00:00,19,12,583,863,3.0223881903530803,0,Tech,Night
2025-01-02 03:00:00,7,13,448,538,3.774765709251895,1,Tech,Evening
2025-01-02 04:00:00,8,9,368,741,4.0596617710844844,0,General,Evening
2025-01-02 05:00:00,19,14,479,626,3.0408777980079034,0,Tech,Morning
2025-01-02 06:00:00,14,11,441,579,3.0488642550023064,0,Tech,Night
2025-01-02 07:00:00,18,29,211,726,3.9594850056753144,1,Billing,Morning
2025-01-02 08:00:00,2,19,318,463,4.934793384913117,1,Billing,Morning
2025-01-02 09:00:00,13,27,389,887,4.108891876220381,1,General,Evening
2025-01-02 10:00:00,14,29,224,589,4.548412250071204,1,General,Morning
2025-01-02 11:00:00,1,12,207,509,3.045508992565475,1,General,Night
2025-01-02 12:00:00,19,5,463,776,4.397733277748911,1,General,Night
2025-01-02 13:00:00,10,6,443,323,3.490316473225767,1,Tech,Evening
2025-01-02 14:00:00,11,16,520,506,4.228924148230023,1,General,Evening
2025-01-02 15:00:00,5,20,365,350,3.2195559993831653,0,Billing,Night
2025-01-02 16:00:00,3,28,265,330,3.6415918566623793,0,General,Morning
2025-01-02 17:00:00,13,18,278,315,3.7523193451996253,1,Billing,Morning
2025-01-02 18:00:00,7,7,267,701,4.4081701826404665,0,General,Morning
2025-01-02 19:00:00,1,27,299,423,4.360770105944305,0,Tech,Morning
2025-01-02 20:00:00,10,14,416,487,3.8609108139503854,0,Tech,Night
2025-01-02 21:00:00,4,16,474,382,3.734532226162389,0,Tech,Night
2025-01-02 22:00:00,2,18,226,441,3.1294274405905194,0,Billing,Night
2025-01-02 23:00:00,5,10,333,796,4.815123362540663,0,General,Night
2025-01-03 00:00:00,3,22,245,455,3.947367305949614,0,Tech,Evening
2025-01-03 01:00:00,12,24,362,468,3.5896655051048225,1,General,Night
2025-01-03 02:00:00,9,10,496,563,3.645572709333195,1,General,Morning
2025-01-03 03:00:00,6,26,287,561,3.6403772634925637,0,Tech,Night
2025-01-03 04:00:00,9,29,305,538,3.4459102711773477,1,Billing,Night
2025-01-03 05:00:00,19,24,263,726,3.087037622818957,1,Tech,Night
2025-01-03 06:00:00,7,20,469,784,3.735362121561323,1,Billing,Night
2025-01-03 07:00:00,12,24,350,714,4.786723057008544,1,General,Evening
2025-01-03 08:00:00,10,25,223,740,4.460102051650526,0,Tech,Night
2025-01-03 09:00:00,16,8,547,397,4.671924922350515,0,Tech,Night
2025-01-03 10:00:00,6,21,337,706,3.538410666251126,0,Tech,Morning
2025-01-03 11:00:00,12,29,204,591,3.575225988162292,1,Billing,Evening
2025-01-03 12:00:00,13,14,473,833,4.587622194158639,1,Tech,Morning
2025-01-03 13:00:00,10,14,464,899,4.170611069919739,1,Tech,Night
2025-01-03 14:00:00,2,18,520,726,3.8379549082955764,1,General,Morning
2025-01-03 15:00:00,16,14,494,635,3.073029691272569,1,Billing,Morning
2025-01-03 16:00:00,11,8,368,413,3.891136463336638,1,General,Morning
2025-01-03 17:00:00,16,26,340,417,4.65236890617993,1,Billing,Night
2025-01-03 18:00:00,2,19,318,550,4.098078412379604,1,Billing,Morning
2025-01-03 19:00:00,7,22,230,307,4.476823761702511,0,Tech,Evening
2025-01-03 20:00:00,4,15,397,840,4.6055726837308715,0,Billing,Evening
2025-01-03 21:00:00,1,17,267,891,3.1299655791763152,1,Tech,Evening
2025-01-03 22:00:00,15,21,356,403,4.489454947712339,0,Tech,Night
2025-01-03 23:00:00,10,27,276,321,4.89073842499338,0,General,Morning
2025-01-04 00:00:00,17,7,425,720,3.898164585117745,1,General,Morning
2025-01-04 01:00:00,6,17,568,407,4.617090166999071,1,Tech,Evening
2025-01-04 02:00:00,16,13,228,469,4.755581518474004,0,Billing,Morning
2025-01-04 03:00:00,10,7,381,719,4.2891827048639035,0,General,Evening
2025-01-04 04:00:00,11,22,307,597,4.3318514469004805,0,General,Evening
2025-01-04 05:00:00,9,18,416,359,4.508812423507723,0,Billing,Night
2025-01-04 06:00:00,9,10,210,722,4.716722025082241,1,Tech,Evening
2025-01-04 07:00:00,16,28,587,546,4.86373116779869,0,Tech,Evening
2025-01-04 08:00:00,13,21,482,718,4.20917959154431,0,General,Night
2025-01-04 09:00:00,11,25,480,437,3.6735875604251884,1,General,Evening
2025-01-04 10:00:00,2,27,313,665,3.005026254555537,1,General,Night
2025-01-04 11:00:00,15,23,222,552,3.5434458742298283,0,Tech,Night
2025-01-04 12:00:00,6,20,376,431,3.6965344947662584,0,Billing,Evening
2025-01-04 13:00:00,6,12,452,305,3.2103694231899986,1,General,Morning
2025-01-04 14:00:00,14,24,494,793,3.7024947171046048,0,General,Morning
2025-01-04 15:00:00,19,17,431,626,3.938837268274449,1,Tech,Morning
2025-01-04 16:00:00,1,17,393,509,4.267589806138124,0,General,Night
2025-01-04 17:00:00,2,20,501,319,3.784827452201267,1,Tech,Evening
2025-01-04 18:00:00,3,11,410,376,3.723789489233014,0,Tech,Morning
2025-01-04 19:00:00,14,5,252,895,4.387967840118553,1,Tech,Evening
2025-01-04 20:00:00,4,7,340,441,3.127674024361026,1,Tech,Morning
2025-01-04 21:00:00,19,6,515,375,3.1924710079255947,1,Billing,Morning
2025-01-04 22:00:00,10,8,510,657,4.148277555083265,0,General,Morning
2025-01-04 23:00:00,12,8,320,624,3.925714782546342,1,Billing,Morning
2025-01-05 00:00:00,18,12,457,321,4.639465433034849,0,General,Morning
2025-01-05 01:00:00,15,14,200,804,3.2434852316262,0,General,Night
2025-01-05 02:00:00,7,9,408,578,3.4463894057667126,1,Tech,Morning
2025-01-05 03:00:00,10,13,533,324,3.3994785123754827,1,Tech,Morning
2025-01-05 04:00:00,16,5,231,450,4.956845732484337,1,General,Morning
2025-01-05 05:00:00,9,24,561,825,4.718185526349534,0,General,Night
2025-01-05 06:00:00,16,12,445,461,3.87083562404003,0,Tech,Evening
2025-01-05 07:00:00,5,27,544,427,4.9524884037168775,1,Tech,Morning
2025-01-05 08:00:00,5,29,292,363,3.2775759681780654,1,Tech,Evening
2025-01-05 09:00:00,12,20,499,432,4.008522160903304,1,Billing,Night
2025-01-05 10:00:00,11,7,244,443,4.458645746775616,0,Tech,Morning
2025-01-05 11:00:00,1,7,319,552,4.171638485160849,0,Tech,Night
2025-01-05 12:00:00,8,19,539,401,4.4044743597558105,0,General,Night
2025-01-05 13:00:00,19,22,550,700,3.7650069961995865,0,Billing,Night
2025-01-05 14:00:00,8,5,328,645,4.159873685878672,1,Billing,Morning
2025-01-05 15:00:00,12,28,206,818,4.582573279841171,1,Billing,Morning
2025-01-05 16:00:00,6,19,213,882,3.524095666249411,0,General,Evening
2025-01-05 17:00:00,7,22,405,429,4.4861942986681305,1,General,Night
2025-01-05 18:00:00,16,18,459,681,3.342267921350534,1,General,Night
2025-01-05 19:00:00,1,17,454,797,3.4357024032355157,1,Billing,Morning
2025-01-05 20:00:00,8,25,239,837,4.669515351219216,0,General,Evening
2025-01-05 21:00:00,5,21,287,677,4.970847084600313,0,Tech,Night
2025-01-05 22:00:00,12,24,357,440,3.928924071571526,0,Billing,Morning
2025-01-05 23:00:00,5,24,354,878,4.552683742982683,0,Tech,Morning
2025-01-06 00:00:00,3,17,269,449,4.21185145500516,1,Billing,Night
2025-01-06 01:00:00,18,7,279,489,3.4525856240923805,1,Tech,Night
2025-01-06 02:00:00,13,6,288,710,4.274296174586045,1,Billing,Evening
2025-01-06 03:00:00,15,21,331,635,4.917766225861183,0,General,Morning
2025-01-06 04:00:00,6,28,558,666,3.414433513122773,0,Billing,Evening
2025-01-06 05:00:00,19,9,215,302,3.2444206137903304,0,General,Morning
2025-01-06 06:00:00,16,24,444,748,3.811148303477027,0,General,Morning
2025-01-06 07:00:00,16,7,380,806,3.9981232409679395,1,General,Morning
2025-01-06 08:00:00,1,21,237,705,3.3961147195031254,0,General,Evening
2025-01-06 09:00:00,11,12,552,457,3.1576368467469447,1,General,Night
2025-01-06 10:00:00,3,18,376,337,3.8087426072367556,0,General,Night
2025-01-06 11:00:00,7,25,229,684,4.876314864115079,1,Tech,Evening
2025-01-06 12:00:00,18,20,274,608,4.0747943550887555,1,Billing,Morning
2025-01-06 13:00:00,15,14,213,697,4.998978007915281,1,General,Morning
2025-01-06 14:00:00,12,14,443,684,3.618045184494064,1,Tech,Night
2025-01-06 15:00:00,14,24,275,375,4.584535953858655,1,General,Morning
2025-01-06 16:00:00,12,22,552,349,4.901086551932638,0,Billing,Morning
2025-01-06 17:00:00,1,29,548,780,3.524478042008595,0,Tech,Morning
2025-01-06 18:00:00,16,6,318,555,4.094242980634531,1,Tech,Evening
2025-01-06 19:00:00,13,14,562,646,4.552396751927651,1,General,Night
2025-01-06 20:00:00,2,22,515,748,3.93006904239503,0,Billing,Morning
2025-01-06 21:00:00,3,26,597,701,3.688823082768555,0,Tech,Evening
2025-01-06 22:00:00,2,23,450,788,4.362688457043644,0,Billing,Night
2025-01-06 23:00:00,7,5,343,396,4.260821047925438,1,General,Morning
2025-01-07 00:00:00,16,26,458,467,4.45398512791213,0,Billing,Morning
2025-01-07 01:00:00,5,24,214,636,4.623969197511248,0,Billing,Night
2025-01-07 02:00:00,9,13,380,617,4.62857639197015,0,General,Night
2025-01-07 03:00:00,7,26,275,531,3.395971289433265,1,General,Night
2025-01-07 04:00:00,2,26,501,692,3.1605795885867516,0,Billing,Night
2025-01-07 05:00:00,7,13,419,783,3.2189823541520695,0,General,Night
2025-01-07 06:00:00,4,29,484,750,3.0853681800293877,0,General,Morning
2025-01-07 07:00:00,4,11,311,781,4.463922465563796,0,Tech,Evening
2025-01-07 08:00:00,8,13,257,334,3.6807021451679196,0,Tech,Evening
2025-01-07 09:00:00,16,25,414,776,3.885259666223936,1,Billing,Night
2025-01-07 10:00:00,1,20,301,569,3.384903977843401,1,Tech,Night
2025-01-07 11:00:00,14,9,373,450,3.1171914760670596,0,Billing,Morning
2025-01-07 12:00:00,15,16,294,324,3.1105518313562097,1,Tech,Evening
2025-01-07 13:00:00,17,16,219,796,4.733672184598799,1,General,Morning
2025-01-07 14:00:00,12,28,322,720,4.761361083565065,0,Tech,Morning
2025-01-07 15:00:00,2,24,517,750,4.144023987845148,0,Billing,Morning
2025-01-07 16:00:00,18,6,258,462,4.786421687581267,0,General,Evening
2025-01-07 17:00:00,9,25,353,563,3.443338782611548,0,Tech,Morning
2025-01-07 18:00:00,7,25,555,460,3.872395918993446,1,Tech,Evening
2025-01-07 19:00:00,16,17,426,558,3.6221662601423947,0,Tech,Evening
2025-01-07 20:00:00,17,9,298,350,3.722484543195149,1,General,Night
2025-01-07 21:00:00,18,10,345,404,4.913313729312732,1,General,Morning
2025-01-07 22:00:00,4,14,395,838,3.7178355858017174,1,General,Morning
2025-01-07 23:00:00,4,12,229,419,4.5904257714685555,0,Billing,Evening
2025-01-08 00:00:00,4,7,252,899,3.22661091852873,1,Tech,Night
2025-01-08 01:00:00,6,18,517,741,4.966315357592697,0,Billing,Evening
2025-01-08 02:00:00,17,26,333,715,3.774894849071554,1,Billing,Evening
2025-01-08 03:00:00,16,29,550,647,4.893921881750513,1,Tech,Night
2025-01-08 04:00:00,11,29,237,370,3.8714211992597556,0,Tech,Night
2025-01-08 05:00:00,17,22,530,688,4.257754521242961,1,General,Night
2025-01-08 06:00:00,19,8,566,447,4.340862186144194,0,General,Morning
2025-01-08 07:00:00,3,28,569,522,4.051299032612589,1,Billing,Night
2025-01-08 08:00:00,13,17,475,574,4.734120378070354,1,Billing,Evening
2025-01-08 09:00:00,12,13,566,583,3.910587143726465,0,Tech,Morning
2025-01-08 10:00:00,15,21,424,767,4.882626440955505,0,Tech,Night
2025-01-08 11:00:00,18,25,273,603,3.7357171579568917,1,General,Night
2025-01-08 12:00:00,12,23,546,550,4.089384471142666,1,Billing,Morning
2025-01-08 13:00:00,9,19,263,696,4.259519564098179,1,General,Night
2025-01-08 14:00:00,7,12,345,771,3.0647324918040884,1,Billing,Morning
2025-01-08 15:00:00,6,21,551,588,3.6581545153301427,0,Billing,Night
2025-01-08 16:00:00,2,21,255,335,3.381656750509997,1,Billing,Morning
2025-01-08 17:00:00,4,19,316,334,4.6984517771114,1,General,Evening
2025-01-08 18:00:00,15,9,295,826,4.390321984405816,1,Tech,Night
2025-01-08 19:00:00,6,9,482,590,3.5446287983689966,1,General,Morning
2025-01-08 20:00:00,17,7,568,486,4.661347691301553,0,Tech,Evening
2025-01-08 21:00:00,17,29,256,860,3.976708009017033,0,Tech,Evening
2025-01-08 22:00:00,13,6,321,898,3.1353628100954287,1,Tech,Night
2025-01-08 23:00:00,19,29,512,483,3.6628946488782566,1,Tech,Evening
2025-01-09 00:00:00,18,29,468,317,3.594702288181697,0,General,Morning
2025-01-09 01:00:00,13,21,367,335,4.619428656955387,0,Billing,Evening
2025-01-09 02:00:00,2,29,547,514,3.3070304554401773,0,General,Night
2025-01-09 03:00:00,2,11,438,736,3.342894084607269,1,General,Morning
2025-01-09 04:00:00,1,5,330,661,3.8909288184687663,0,Tech,Night
2025-01-09 05:00:00,14,29,426,849,4.864700049983698,1,Billing,Night
2025-01-09 06:00:00,9,10,314,779,3.840432266980313,1,Billing,Night
2025-01-09 07:00:00,19,22,438,699,4.342650867540778,1,Billing,Morning
2025-01-09 08:00:00,9,9,229,643,3.954260052094334,0,Billing,Night
2025-01-09 09:00:00,8,28,227,599,4.912493216436452,0,General,Morning
2025-01-09 10:00:00,1,26,381,442,3.0392602755006735,0,Billing,Night
2025-01-09 11:00:00,2,22,310,300,3.856056498229907,1,Tech,Morning
2025-01-09 12:00:00,12,10,405,421,4.2296844371674,1,General,Evening
2025-01-09 13:00:00,13,28,350,692,4.105101757493035,1,Billing,Night
2025-01-09 14:00:00,17,26,330,689,4.430602176880611,1,Tech,Night
2025-01-09 15:00:00,2,10,591,861,3.8144399208072914,1,Billing,Night
2025-01-09 16:00:00,2,18,553,372,3.2835169096564893,0,General,Evening
2025-01-09 17:00:00,5,11,547,472,4.041869531186173,0,Billing,Night
2025-01-09 18:00:00,11,16,438,358,4.363942514408489,0,General,Night
2025-01-09 19:00:00,13,24,429,528,4.872833035535311,1,Tech,Evening
2025-01-09 20:00:00,9,6,235,447,4.121909226974949,0,General,Evening
2025-01-09 21:00:00,2,26,544,582,4.405313409649375,1,General,Evening
2025-01-09 22:00:00,16,12,504,880,4.494508057264593,1,Tech,Morning
2025-01-09 23:00:00,14,17,415,365,4.288425560404383,0,Tech,Morning
2025-01-10 00:00:00,3,6,417,747,4.332528643371097,1,General,Morning
2025-01-10 01:00:00,15,19,260,667,3.441148727585012,0,General,Evening
2025-01-10 02:00:00,9,27,457,541,3.6064538830603072,0,Billing,Night
2025-01-10 03:00:00,19,17,207,320,4.857887480475179,0,General,Morning
2025-01-10 04:00:00,1,8,396,543,3.2536593079305423,1,Billing,Morning
2025-01-10 05:00:00,7,24,268,332,3.3344860823864275,0,Tech,Night
2025-01-10 06:00:00,9,7,551,803,4.419831114779881,0,Tech,Night
2025-01-10 07:00:00,11,27,415,337,4.980409798527199,0,Billing,Evening
2025-01-10 08:00:00,12,16,225,517,3.974421894911977,0,General,Evening
2025-01-10 09:00:00,5,21,217,705,3.8050507774679505,0,General,Evening
2025-01-10 10:00:00,4,24,456,766,4.129864167054313,0,Tech,Morning
2025-01-10 11:00:00,15,10,503,473,4.18863224922356,1,Tech,Evening
2025-01-10 12:00:00,7,5,569,832,3.213947125806113,0,General,Night
2025-01-10 13:00:00,4,18,351,830,3.531544456366537,0,Tech,Night
2025-01-10 14:00:00,5,27,297,379,3.1679820967220973,0,Billing,Morning
2025-01-10 15:00:00,12,16,423,587,3.5651066837164476,1,Billing,Night
2025-01-10 16:00:00,18,12,409,381,3.346210996828792,0,General,Morning
2025-01-10 17:00:00,7,9,473,429,3.7207322213076823,0,Tech,Morning
2025-01-10 18:00:00,11,24,460,347,3.7117453620175027,0,General,Night
2025-01-10 19:00:00,1,23,553,836,3.820989521314395,1,General,Morning
2025-01-10 20:00:00,5,17,249,506,3.248965192811376,0,Billing,Night
2025-01-10 21:00:00,6,13,524,547,4.660664728427031,0,Tech,Night
2025-01-10 22:00:00,3,17,590,706,4.682034334316172,0,General,Morning
2025-01-10 23:00:00,4,8,233,853,4.9896302172771305,1,Tech,Morning
2025-01-11 00:00:00,18,5,211,349,3.426308702392129,1,Tech,Evening
2025-01-11 01:00:00,10,24,370,661,3.6039474138867442,0,General,Evening
2025-01-11 02:00:00,16,12,432,403,4.64707552662047,0,Billing,Evening
2025-01-11 03:00:00,17,16,587,563,4.393259954906236,0,Billing,Morning
2025-01-11 04:00:00,5,11,285,472,4.256437442174175,1,General,Evening
2025-01-11 05:00:00,10,25,548,682,3.050385020825264,0,Billing,Evening
2025-01-11 06:00:00,10,6,505,301,3.851811838903853,0,General,Night
2025-01-11 07:00:00,14,16,579,511,3.1884495793017367,0,Tech,Evening
2025-01-11 08:00:00,12,21,339,745,4.230684597132473,1,Billing,Evening
2025-01-11 09:00:00,12,23,385,409,4.278753624308171,1,General,Evening
2025-01-11 10:00:00,17,12,396,798,3.4199976697337258,0,General,Night
2025-01-11 11:00:00,13,13,334,655,3.393269381516889,1,Billing,Night
2025-01-11 12:00:00,4,22,585,837,4.115878928263662,0,General,Evening
2025-01-11 13:00:00,18,16,326,606,4.60141631099801,1,General,Morning
2025-01-11 14:00:00,16,24,435,546,4.286198384448547,1,Billing,Morning
2025-01-11 15:00:00,9,12,326,812,4.643352248781888,1,Billing,Morning
2025-01-11 16:00:00,10,10,213,658,4.388904163004263,0,Billing,Morning
2025-01-11 17:00:00,13,18,330,320,4.882169330597807,0,Tech,Evening
2025-01-11 18:00:00,2,5,597,357,4.805811844077028,0,Billing,Morning
2025-01-11 19:00:00,11,22,368,878,3.8025195695999856,0,Billing,Morning
2025-01-11 20:00:00,15,29,250,585,4.372259535969289,1,Billing,Night
2025-01-11 21:00:00,2,5,373,399,3.9853320692374217,1,General,Night
2025-01-11 22:00:00,14,27,488,490,3.5333845758036624,1,Tech,Evening
2025-01-11 23:00:00,10,14,316,506,3.3390284615676835,1,Tech,Morning
2025-01-12 00:00:00,6,25,324,452,3.235186443220358,1,General,Night
2025-01-12 01:00:00,8,27,525,438,4.997191065802835,1,Tech,Morning
2025-01-12 02:00:00,8,15,517,508,4.738915817858708,1,Billing,Night
2025-01-12 03:00:00,7,8,465,816,3.310856173644048,0,Tech,Evening
2025-01-12 04:00:00,10,16,325,668,4.245172601100053,0,Billing,Evening
2025-01-12 05:00:00,1,10,414,682,3.0076839636911235,1,Billing,Morning
2025-01-12 06:00:00,12,17,358,872,4.378271211983542,1,Tech,Evening
2025-01-12 07:00:00,3,5,450,548,4.488773249583392,0,Billing,Night
2025-01-12 08:00:00,5,18,537,764,3.505403880722193,1,Billing,Evening
2025-01-12 09:00:00,11,5,511,726,3.730734055332844,1,Tech,Evening
2025-01-12 10:00:00,8,24,226,809,4.245665927922641,0,Tech,Evening
2025-01-12 11:00:00,6,9,506,456,4.33800104418365,1,General,Night
2025-01-12 12:00:00,13,23,232,818,4.205364728458182,1,Tech,Evening
2025-01-12 13:00:00,1,13,404,654,3.182011351593949,0,Tech,Morning
2025-01-12 14:00:00,18,26,338,424,4.244317185920419,1,Tech,Evening
2025-01-12 15:00:00,7,18,229,552,4.9731933480056565,0,Billing,Night
2025-01-12 16:00:00,14,6,313,473,3.618368421618557,0,Tech,Evening
2025-01-12 17:00:00,14,6,346,610,4.24331209015838,0,Billing,Night
2025-01-12 18:00:00,12,20,568,484,3.511213422421893,1,Billing,Night
2025-01-12 19:00:00,9,16,364,777,3.396149871264042,0,General,Morning
2025-01-12 20:00:00,17,11,430,787,3.9043668015381856,1,Tech,Evening
2025-01-12 21:00:00,4,19,288,740,4.821938647129971,1,Tech,Night
2025-01-12 22:00:00,16,12,588,442,3.9041864224434883,0,General,Morning
2025-01-12 23:00:00,9,20,487,343,4.404065345319875,0,General,Evening
2025-01-13 00:00:00,18,8,387,396,4.6277983672023915,0,Billing,Evening
2025-01-13 01:00:00,6,10,283,623,4.073273405455611,0,Billing,Morning
2025-01-13 02:00:00,6,26,284,818,3.6475793706290283,1,Billing,Evening
2025-01-13 03:00:00,2,22,576,859,3.5641874544989003,0,Tech,Evening
2025-01-13 04:00:00,2,17,201,464,4.714487929160918,0,Tech,Evening
2025-01-13 05:00:00,16,25,435,644,4.194523368145443,0,Tech,Morning
2025-01-13 06:00:00,18,16,465,490,4.112461377008749,1,General,Morning
2025-01-13 07:00:00,15,20,590,843,3.0056611074002033,1,General,Evening
2025-01-13 08:00:00,10,11,573,893,3.8709555336346906,0,Billing,Night
2025-01-13 09:00:00,10,15,371,541,3.878627503974769,0,Tech,Morning
2025-01-13 10:00:00,15,24,281,892,4.517317256633158,1,General,Night
2025-01-13 11:00:00,4,23,316,895,4.30746656969581,1,General,Evening
2025-01-13 12:00:00,10,21,302,447,4.304679536471358,0,General,Night
2025-01-13 13:00:00,15,26,439,451,3.3096673079071772,0,Tech,Night
2025-01-13 14:00:00,5,15,388,379,4.43629876326952,0,Billing,Morning
2025-01-13 15:00:00,4,8,556,360,3.722088473612267,0,Billing,Evening
2025-01-13 16:00:00,16,8,256,416,3.5354679782743323,0,Tech,Evening
2025-01-13 17:00:00,6,28,469,796,4.656279459583059,0,Billing,Evening
2025-01-13 18:00:00,1,10,548,532,4.266527429205543,1,Billing,Evening
2025-01-13 19:00:00,9,26,502,783,4.698439170526509,1,Billing,Evening
2025-01-13 20:00:00,10,19,465,512,4.586667330306373,1,Tech,Morning
2025-01-13 21:00:00,6,22,571,302,3.6101128564002445,0,Billing,Night
2025-01-13 22:00:00,17,19,341,398,4.1894334151182,0,General,Evening
2025-01-13 23:00:00,15,22,231,537,3.113989304598217,1,Tech,Evening
2025-01-14 00:00:00,8,29,510,508,4.26499765642559,0,General,Night
2025-01-14 01:00:00,19,14,564,441,4.505579421985776,1,Tech,Evening
2025-01-14 02:00:00,16,14,483,749,4.815268650047094,0,Tech,Evening
2025-01-14 03:00:00,3,15,498,631,3.5775288149226325,1,General,Morning
2025-01-14 04:00:00,6,11,443,681,3.5266161974154877,0,Billing,Night
2025-01-14 05:00:00,18,29,545,832,3.191647982619463,1,Billing,Evening
2025-01-14 06:00:00,10,16,382,444,3.3330883894449954,0,Billing,Morning
2025-01-14 07:00:00,10,20,260,740,3.188084708159205,1,Billing,Morning
2025-01-14 08:00:00,7,28,380,393,4.639775013958065,1,Tech,Evening
2025-01-14 09:00:00,1,7,222,471,4.493799106517668,1,General,Evening
2025-01-14 10:00:00,16,21,572,785,3.37692397520894,0,Tech,Night
2025-01-14 11:00:00,13,23,330,821,3.788368631495756,0,General,Evening
2025-01-14 12:00:00,1,8,388,408,4.582828785019148,0,Tech,Evening
2025-01-14 13:00:00,6,7,380,805,4.413373409288955,0,Billing,Morning
2025-01-14 14:00:00,4,28,212,395,4.248650343479191,0,Billing,Night
2025-01-14 15:00:00,16,15,331,879,3.417202042096754,0,Billing,Evening
2025-01-14 16:00:00,10,17,348,644,4.408000778657668,1,Tech,Morning
2025-01-14 17:00:00,17,6,353,506,3.327664890865786,1,General,Evening
2025-01-14 18:00:00,17,8,347,664,3.901729134313529,1,Billing,Night
2025-01-14 19:00:00,18,22,567,307,4.0727085195188835,0,Tech,Night
2025-01-14 20:00:00,17,27,315,530,3.6893455920559814,1,Billing,Morning
2025-01-14 21:00:00,10,20,567,896,3.397645720197082,0,Tech,Night
2025-01-14 22:00:00,15,15,416,705,3.8809040672701176,1,Tech,Night
2025-01-14 23:00:00,15,19,442,866,4.471808028983639,0,General,Morning
2025-01-15 00:00:00,18,18,224,448,3.1460107114234033,1,Tech,Morning
2025-01-15 01:00:00,9,13,440,725,4.98218009630738,1,Billing,Evening
2025-01-15 02:00:00,14,6,510,372,4.334851634379123,0,Billing,Morning
2025-01-15 03:00:00,10,16,472,543,3.1260075882619516,1,General,Morning
2025-01-15 04:00:00,8,20,543,515,4.689708280062483,1,General,Morning
2025-01-15 05:00:00,8,16,484,396,3.49320497258552,0,Tech,Evening
2025-01-15 06:00:00,2,13,503,376,3.4650557499978225,1,Tech,Morning
2025-01-15 07:00:00,15,29,412,317,3.9195778089008764,1,Tech,Evening
2025-01-15 08:00:00,16,15,453,534,4.4685261715288895,1,Tech,Night
2025-01-15 09:00:00,12,11,379,804,4.983722671365607,1,Billing,Evening
2025-01-15 10:00:00,11,24,453,655,3.9415637620635486,1,Tech,Evening
2025-01-15 11:00:00,8,18,307,598,3.358102940375381,1,General,Night
2025-01-15 12:00:00,2,25,208,741,4.300390894835793,1,Billing,Morning
2025-01-15 13:00:00,4,15,589,497,4.754444351658495,1,Tech,Night
2025-01-15 14:00:00,17,17,589,427,3.9982145391325865,0,Tech,Evening
2025-01-15 15:00:00,17,6,579,315,4.817848288349521,0,Billing,Morning
2025-01-15 16:00:00,17,8,209,581,3.0700919610278103,0,General,Night
2025-01-15 17:00:00,8,5,598,302,3.5451582493601377,1,Billing,Evening
2025-01-15 18:00:00,12,13,311,817,3.9979801147667935,1,General,Evening
2025-01-15 19:00:00,9,29,506,450,4.716120204840394,0,Billing,Evening
2025-01-15 20:00:00,8,17,232,818,3.880256477777574,1,Tech,Night
2025-01-15 21:00:00,19,13,200,555,3.9084214258378784,0,Tech,Evening
2025-01-15 22:00:00,15,8,271,384,3.4993797465219645,1,General,Night
2025-01-15 23:00:00,12,22,216,769,3.314512077519886,0,Billing,Night
2025-01-16 00:00:00,4,15,548,647,4.863803358828603,1,General,Evening
2025-01-16 01:00:00,6,24,304,497,3.093430390900297,0,General,Night
2025-01-16 02:00:00,2,23,279,524,3.3698998233634683,1,Billing,Morning
2025-01-16 03:00:00,11,7,432,641,4.2786149782327225,0,Billing,Morning
2025-01-16 04:00:00,18,25,231,629,3.2008078598574694,1,Billing,Morning
2025-01-16 05:00:00,4,15,281,498,4.299660653837804,0,Billing,Morning
2025-01-16 06:00:00,17,14,343,617,4.327545930903268,0,Billing,Night
2025-01-16 07:00:00,11,25,219,596,3.5188255801713773,1,Tech,Evening
2025-01-16 08:00:00,18,19,431,792,3.26448251207949,0,Billing,Evening
2025-01-16 09:00:00,3,14,320,763,3.9946803997315037,1,Billing,Night
2025-01-16 10:00:00,16,18,461,634,4.692713324559452,1,General,Night
2025-01-16 11:00:00,11,7,237,864,4.974363410634016,0,Tech,Night
2025-01-16 12:00:00,2,9,331,370,3.7047191753027744,1,Tech,Morning
2025-01-16 13:00:00,8,27,554,492,3.3791000389017753,0,Tech,Morning
2025-01-16 14:00:00,3,18,591,669,4.967444776818929,1,Tech,Morning
2025-01-16 15:00:00,11,19,466,582,4.323210682211222,0,General,Evening
2025-01-16 16:00:00,19,9,221,477,3.4065355449853865,1,General,Morning
2025-01-16 17:00:00,2,21,283,848,4.315111377241083,0,Billing,Evening
2025-01-16 18:00:00,3,18,366,576,4.73621903646074,0,Billing,Night
2025-01-16 19:00:00,18,13,412,318,4.688975956095747,1,General,Night
2025-01-16 20:00:00,3,14,417,657,3.6021025092610355,1,Billing,Morning
2025-01-16 21:00:00,10,24,555,648,3.116758606119008,0,Billing,Evening
2025-01-16 22:00:00,7,12,426,336,3.5126132893013424,0,General,Night
2025-01-16 23:00:00,5,14,466,566,3.1781543216810118,0,General,Morning
2025-01-17 00:00:00,19,22,221,621,4.268293289937567,0,General,Night
2025-01-17 01:00:00,10,19,554,522,4.244363077103384,1,General,Night
2025-01-17 02:00:00,16,8,250,712,4.90356908695755,0,Billing,Evening
2025-01-17 03:00:00,11,7,379,740,3.7489334004677675,0,General,Evening
2025-01-17 04:00:00,5,24,504,809,3.4967543945550563,0,Billing,Night
2025-01-17 05:00:00,6,21,548,370,4.925550462941302,1,General,Morning
2025-01-17 06:00:00,1,17,480,895,4.588408293842996,1,General,Night
2025-01-17 07:00:00,12,14,385,612,3.942382328935413,1,Tech,Evening
2025-01-17 08:00:00,3,23,399,434,3.238756207943044,0,Billing,Evening
2025-01-17 09:00:00,1,27,368,512,4.219321382572929,0,Billing,Morning
2025-01-17 10:00:00,15,24,201,863,3.4694603333802485,1,Billing,Night
2025-01-17 11:00:00,10,28,527,514,3.3992773035458104,0,General,Morning
2025-01-17 12:00:00,13,8,324,606,4.761819486273783,0,Tech,Night
2025-01-17 13:00:00,15,25,416,576,4.110351036422377,1,General,Evening
2025-01-17 14:00:00,8,24,202,328,4.505419724062497,0,Billing,Morning
2025-01-17 15:00:00,2,6,536,365,4.047614480429925,1,Billing,Night
2025-01-17 16:00:00,9,22,212,360,4.3585827056058175,1,Tech,Evening
2025-01-17 17:00:00,5,27,584,805,3.962744502498606,0,General,Night
2025-01-17 18:00:00,2,15,445,738,4.801637493979219,0,General,Night
2025-01-17 19:00:00,9,6,546,531,4.096747362615302,1,Tech,Morning
2025-01-17 20:00:00,5,20,396,549,3.261660954315273,1,Tech,Morning
2025-01-17 21:00:00,1,21,209,806,4.217469613769694,0,Tech,Night
2025-01-17 22:00:00,1,22,548,618,4.951840007416333,1,General,Night
2025-01-17 23:00:00,7,17,381,469,3.745300834227196,0,Tech,Morning
2025-01-18 00:00:00,12,28,552,445,3.0738309850210754,1,General,Night
2025-01-18 01:00:00,7,11,599,673,4.86668206220594,1,Billing,Night
2025-01-18 02:00:00,6,12,598,784,4.355626655607032,1,Tech,Morning
2025-01-18 03:00:00,12,13,327,469,4.6326552005720965,1,General,Night
2025-01-18 04:00:00,18,5,427,357,4.771339549410872,0,General,Night
2025-01-18 05:00:00,14,18,508,832,3.632984449298368,0,Tech,Morning
2025-01-18 06:00:00,18,20,574,512,3.5753167423822734,0,Tech,Night
2025-01-18 07:00:00,16,18,401,468,3.2121313734207684,1,Billing,Morning
2025-01-18 08:00:00,12,29,351,605,4.699448285155159,0,General,Evening
2025-01-18 09:00:00,12,12,293,307,4.8287524364606895,0,Tech,Morning
2025-01-18 10:00:00,5,24,354,893,3.1031873320080363,1,General,Evening
2025-01-18 11:00:00,3,27,501,870,4.583228253352809,1,General,Morning
2025-01-18 12:00:00,8,15,486,871,3.0731020050761444,1,Billing,Evening
2025-01-18 13:00:00,8,26,378,430,3.097045849727073,1,Billing,Night
2025-01-18 14:00:00,15,10,584,444,3.0936548072152092,1,General,Night
2025-01-18 15:00:00,3,17,328,651,4.077422171495108,1,General,Night
2025-01-18 16:00:00,3,12,382,326,4.484921995973053,1,Billing,Night
2025-01-18 17:00:00,7,28,267,329,4.783383845491534,1,Tech,Night
2025-01-18 18:00:00,1,13,238,863,3.2295380548193666,1,General,Evening
2025-01-18 19:00:00,19,13,583,382,3.495196542520497,0,Tech,Night
2025-01-18 20:00:00,17,27,484,717,4.874756279679824,1,Billing,Night
2025-01-18 21:00:00,2,14,522,432,3.2106439207542365,0,General,Morning
2025-01-18 22:00:00,5,20,509,793,4.110665108625863,0,Billing,Morning
2025-01-18 23:00:00,13,6,595,709,3.4025265904702575,1,Billing,Night
2025-01-19 00:00:00,16,11,494,727,3.818981720510121,1,General,Evening
2025-01-19 01:00:00,11,6,552,894,4.874019310161786,1,Tech,Morning
2025-01-19 02:00:00,14,19,473,753,4.844721704491956,0,Tech,Night
2025-01-19 03:00:00,14,10,591,362,4.461522575508161,0,General,Evening
2025-01-19 04:00:00,10,22,587,577,4.728356624418053,1,Tech,Evening
2025-01-19 05:00:00,18,29,573,587,3.8916863054298916,1,Billing,Evening
2025-01-19 06:00:00,4,9,449,895,3.773222458324561,1,Billing,Evening
2025-01-19 07:00:00,17,10,353,628,3.961970412336014,1,General,Night
2025-01-19 08:00:00,16,19,372,517,3.4783236003298175,0,General,Night
2025-01-19 09:00:00,19,27,485,301,3.8973901727657747,0,General,Evening
2025-01-19 10:00:00,4,27,485,369,3.4217113316031114,0,General,Evening
2025-01-19 11:00:00,15,6,329,372,4.206875416691345,0,Billing,Evening
2025-01-19 12:00:00,13,23,262,500,3.0506883158849765,1,General,Evening
2025-01-19 13:00:00,18,18,427,452,4.804680174239339,1,Billing,Morning
2025-01-19 14:00:00,2,23,248,666,3.7713239827051463,1,Billing,Evening
2025-01-19 15:00:00,9,20,576,564,3.128360105562411,0,General,Morning
2025-01-19 16:00:00,18,23,231,849,4.434826655993204,0,General,Night
2025-01-19 17:00:00,2,5,291,854,3.4517308528132755,1,Billing,Evening
2025-01-19 18:00:00,4,23,261,521,3.569148440251737,1,Billing,Evening
2025-01-19 19:00:00,5,19,349,721,4.234308723470262,0,General,Evening
2025-01-19 20:00:00,15,6,528,349,4.1717519752491325,1,Billing,Evening
2025-01-19 21:00:00,8,9,482,409,4.542024287450401,0,General,Evening
2025-01-19 22:00:00,16,8,486,875,3.141399246179252,1,Billing,Morning
2025-01-19 23:00:00,12,5,321,724,4.770405153243346,1,Billing,Morning
2025-01-20 00:00:00,2,8,527,333,4.090629609561635,0,Billing,Evening
2025-01-20 01:00:00,7,28,429,419,3.825506666614981,0,Tech,Evening
2025-01-20 02:00:00,16,24,460,547,3.71593289034801,1,Billing,Evening
2025-01-20 03:00:00,4,7,291,781,3.4131041599832237,1,General,Morning
2025-01-20 04:00:00,14,24,505,419,3.4963320099423854,0,Tech,Night
2025-01-20 05:00:00,5,23,488,811,4.803958210584764,0,General,Night
2025-01-20 06:00:00,19,6,430,356,3.455161760010648,0,Billing,Morning
2025-01-20 07:00:00,7,15,446,628,3.9490432524125927,0,General,Evening
2025-01-20 08:00:00,12,24,395,832,3.0130887447322396,1,Billing,Morning
2025-01-20 09:00:00,4,28,525,568,4.928927486981898,1,Tech,Morning
2025-01-20 10:00:00,19,29,556,480,4.296474853625428,0,Billing,Night
2025-01-20 11:00:00,18,18,343,414,4.821412845576694,1,General,Night
2025-01-20 12:00:00,1,26,385,617,3.860560997325596,1,Billing,Night
2025-01-20 13:00:00,9,25,322,666,4.987971015779883,1,Billing,Night
2025-01-20 14:00:00,16,13,324,329,4.226073865734017,0,General,Evening
2025-01-20 15:00:00,6,10,323,507,4.172195358753006,0,Billing,Evening
2025-01-20 16:00:00,5,15,568,466,4.876854617780765,0,General,Evening
2025-01-20 17:00:00,8,16,540,502,4.050915129803878,1,Tech,Morning
2025-01-20 18:00:00,2,25,350,410,4.058634076537892,0,Tech,Evening
2025-01-20 19:00:00,3,9,397,514,3.8270741341175225,1,Billing,Evening
2025-01-20 20:00:00,13,18,557,473,4.979800054566032,0,Tech,Evening
2025-01-20 21:00:00,5,6,260,508,3.577459393964457,0,Billing,Night
2025-01-20 22:00:00,16,14,387,862,4.67209380262348,0,Billing,Morning
2025-01-20 23:00:00,17,14,356,551,4.101899329095943,1,Billing,Morning
2025-01-21 00:00:00,9,21,235,425,4.795205254893066,1,Billing,Evening
2025-01-21 01:00:00,16,20,589,584,3.390990365529867,1,Billing,Evening
2025-01-21 02:00:00,7,18,287,309,3.312707363968981,0,Billing,Night
2025-01-21 03:00:00,5,12,507,802,4.158208757479131,0,General,Night
2025-01-21 04:00:00,11,14,501,493,3.556711394266653,1,Billing,Evening
2025-01-21 05:00:00,12,27,514,759,3.9992811211320993,0,Billing,Morning
2025-01-21 06:00:00,16,27,382,355,3.5686840827179207,0,Billing,Night
2025-01-21 07:00:00,8,5,283,747,3.9878960896174807,0,General,Morning
2025-01-21 08:00:00,5,14,508,628,4.4043934218774705,1,Tech,Evening
2025-01-21 09:00:00,15,26,345,739,3.848887103508776,0,General,Evening
2025-01-21 10:00:00,13,26,510,821,4.4411999056424385,0,Billing,Night
2025-01-21 11:00:00,2,12,591,758,4.330090028425633,0,Billing,Evening
2025-01-21 12:00:00,9,26,498,478,4.878056702435292,0,General,Evening
2025-01-21 13:00:00,8,17,432,825,3.971036609490408,0,General,Night
2025-01-21 14:00:00,19,10,389,871,3.961950192570721,1,Tech,Night
2025-01-21 15:00:00,13,14,509,812,4.214236819830933,0,Tech,Night
2025-01-21 16:00:00,8,10,312,769,3.952377766430653,0,General,Morning
2025-01-21 17:00:00,18,19,390,372,3.3092252635495494,1,Billing,Night
2025-01-21 18:00:00,17,13,586,799,3.2562515866612602,0,Billing,Morning
2025-01-21 19:00:00,6,29,236,679,4.97595100633181,0,General,Evening
2025-01-21 20:00:00,9,14,440,743,4.93907081796083,0,Billing,Evening
2025-01-21 21:00:00,3,22,208,568,4.635248037181309,0,Billing,Evening
2025-01-21 22:00:00,14,9,460,518,3.3860858971441505,0,General,Evening
2025-01-21 23:00:00,18,6,547,448,3.2304959339585517,1,Tech,Night
2025-01-22 00:00:00,3,9,352,403,3.678566416528353,1,Billing,Morning
2025-01-22 01:00:00,4,11,458,554,4.564531669951378,1,Billing,Evening
2025-01-22 02:00:00,5,10,233,704,3.8856746837233667,1,General,Morning
2025-01-22 03:00:00,3,28,464,577,4.738285755592314,0,Tech,Night
2025-01-22 04:00:00,16,10,267,722,3.041562015107175,0,Tech,Evening
2025-01-22 05:00:00,3,27,487,397,4.578677359579426,0,General,Night
2025-01-22 06:00:00,7,14,216,401,3.82822902101144,0,Tech,Morning
2025-01-22 07:00:00,9,27,595,619,4.364479123466392,1,Billing,Night
2025-01-22 08:00:00,12,21,490,813,4.516819204755271,0,General,Night
2025-01-22 09:00:00,3,9,253,438,4.466351710458406,1,Billing,Night
2025-01-22 10:00:00,19,14,338,884,4.2067353797160605,1,Billing,Evening
2025-01-22 11:00:00,8,9,442,376,4.5560782723549975,0,General,Night
2025-01-22 12:00:00,17,26,232,770,4.573272745569325,0,Billing,Morning
2025-01-22 13:00:00,15,17,578,475,3.6352752642434703,0,Billing,Morning
2025-01-22 14:00:00,2,8,374,689,3.6993931798203255,0,Billing,Night
2025-01-22 15:00:00,17,20,214,762,3.6382888099741093,1,General,Morning
2025-01-22 16:00:00,18,19,223,401,3.024673166436984,0,General,Night
2025-01-22 17:00:00,10,6,446,485,3.663120173642173,0,General,Morning
2025-01-22 18:00:00,16,25,250,649,3.592057551559108,0,Billing,Morning
2025-01-22 19:00:00,13,9,519,609,4.601344328342952,0,Tech,Morning
2025-01-22 20:00:00,3,5,311,501,4.2739617443399265,1,Billing,Night
2025-01-22 21:00:00,5,19,583,865,4.680437563373714,0,Billing,Night
2025-01-22 22:00:00,2,17,344,458,3.9960272060910778,0,General,Night
2025-01-22 23:00:00,11,16,422,442,3.1489111127927862,0,General,Evening
2025-01-23 00:00:00,11,28,339,478,4.253019569531837,1,General,Evening
2025-01-23 01:00:00,3,24,582,581,4.848380993669414,1,General,Morning
2025-01-23 02:00:00,5,29,415,458,3.8431783689193075,0,General,Morning
2025-01-23 03:00:00,18,21,592,719,4.476277096451717,1,Billing,Night
2025-01-23 04:00:00,2,7,401,772,3.8949923579411574,1,Tech,Evening
2025-01-23 05:00:00,4,22,520,362,3.4908403777488983,1,Billing,Morning
2025-01-23 06:00:00,2,25,322,719,4.874796611481804,1,General,Evening
2025-01-23 07:00:00,9,17,402,673,4.886626535507908,1,Tech,Morning
2025-01-23 08:00:00,16,23,377,859,3.4930416650709035,1,Billing,Night
2025-01-23 09:00:00,15,7,589,751,3.0979714217196705,1,General,Morning
2025-01-23 10:00:00,2,8,591,339,4.728016210450739,0,Billing,Evening
2025-01-23 11:00:00,12,9,217,594,3.3460004446369394,1,Billing,Morning
2025-01-23 12:00:00,18,24,414,603,3.5318584622752995,0,Tech,Morning
2025-01-23 13:00:00,3,8,500,793,3.60597396006548,1,General,Evening
2025-01-23 14:00:00,18,13,298,812,3.4182208405866437,0,Billing,Night
2025-01-23 15:00:00,7,18,360,395,4.74479157609669,0,Billing,Night
2025-01-23 16:00:00,7,5,364,678,3.6854548334099317,0,Billing,Morning
2025-01-23 17:00:00,9,27,584,775,4.156516881418254,0,Billing,Morning
2025-01-23 18:00:00,6,8,283,604,3.6153054344214484,0,General,Morning
2025-01-23 19:00:00,13,7,227,365,4.845889101113451,1,Tech,Night
2025-01-23 20:00:00,16,26,464,547,3.524131511929551,1,General,Night
2025-01-23 21:00:00,18,14,578,714,3.604029105727234,0,General,Night
2025-01-23 22:00:00,17,26,482,749,4.102996509880509,1,General,Night
2025-01-23 23:00:00,5,9,377,617,4.085983268008688,0,Tech,Morning
2025-01-24 00:00:00,15,6,520,802,3.213576818590701,0,Tech,Night
2025-01-24 01:00:00,19,27,227,794,3.2243365037870335,0,Tech,Night
2025-01-24 02:00:00,8,6,553,636,4.265185214339487,0,Billing,Night
2025-01-24 03:00:00,1,29,570,573,3.8407644628276296,0,Tech,Evening
2025-01-24 04:00:00,6,12,239,892,3.254121176765511,1,Tech,Night
2025-01-24 05:00:00,18,11,501,462,4.726118044526184,0,General,Evening
2025-01-24 06:00:00,8,23,590,389,3.8340358788859827,1,General,Night
2025-01-24 07:00:00,11,13,528,792,4.242327881951577,1,Billing,Morning
2025-01-24 08:00:00,19,8,412,462,3.696309007407274,1,Tech,Night
2025-01-24 09:00:00,11,27,378,632,3.659796547851239,0,Tech,Morning
2025-01-24 10:00:00,19,8,405,623,4.028483458146374,1,General,Evening
2025-01-24 11:00:00,15,17,555,771,3.592473052876546,0,General,Night
2025-01-24 12:00:00,14,22,259,844,3.967778965566234,0,General,Evening
2025-01-24 13:00:00,19,19,319,792,3.9084149283872884,1,Tech,Morning
2025-01-24 14:00:00,16,6,319,675,3.631758331485817,1,Billing,Evening
2025-01-24 15:00:00,4,16,338,530,3.1396678606782498,1,General,Morning
2025-01-24 16:00:00,15,15,228,721,4.334588755513721,1,General,Morning
2025-01-24 17:00:00,4,25,337,761,3.9133797498172265,0,Billing,Evening
2025-01-24 18:00:00,8,9,275,658,3.596827247134545,0,General,Evening
2025-01-24 19:00:00,10,22,568,854,3.7277349884713136,0,General,Night
2025-01-24 20:00:00,11,26,208,683,3.9283225074828643,1,General,Night
2025-01-24 21:00:00,7,19,448,877,3.182407624483241,1,Tech,Night
2025-01-24 22:00:00,1,17,424,522,4.133721749305447,0,Billing,Evening
2025-01-24 23:00:00,1,13,432,381,4.691481148514802,1,Billing,Morning
2025-01-25 00:00:00,11,15,409,660,3.6071672112171616,0,General,Night
2025-01-25 01:00:00,18,19,401,570,4.657163360820826,0,Billing,Morning
2025-01-25 02:00:00,10,19,212,810,3.193006252042662,0,Billing,Evening
2025-01-25 03:00:00,1,24,597,552,4.209795050681,1,Tech,Morning
2025-01-25 04:00:00,3,14,307,374,4.292154522004137,1,Billing,Night
2025-01-25 05:00:00,9,10,532,373,4.157054532201384,0,General,Morning
2025-01-25 06:00:00,1,20,295,499,4.040195125756778,0,General,Morning
2025-01-25 07:00:00,12,18,590,796,3.1271371749010077,0,General,Night
2025-01-25 08:00:00,16,29,296,562,4.764135555365304,1,Billing,Evening
2025-01-25 09:00:00,18,16,300,747,3.4655630866365748,0,General,Morning
2025-01-25 10:00:00,15,26,203,821,4.051904858829801,0,Tech,Morning
2025-01-25 11:00:00,1,17,448,762,3.1871723401577565,1,General,Evening
2025-01-25 12:00:00,10,20,323,615,3.8488690479504553,1,Billing,Evening
2025-01-25 13:00:00,11,19,385,564,3.7771674746229955,0,Billing,Night
2025-01-25 14:00:00,8,25,460,476,3.3681231949530885,0,Tech,Morning
2025-01-25 15:00:00,19,26,488,329,3.8209174378914263,1,Tech,Evening
2025-01-25 16:00:00,4,17,220,757,4.413189710406738,0,Billing,Night
2025-01-25 17:00:00,18,23,305,785,4.893785348625593,0,Tech,Morning
2025-01-25 18:00:00,13,11,323,526,3.8476795738588105,0,Billing,Morning
2025-01-25 19:00:00,14,28,566,345,4.757471299070909,1,General,Night
2025-01-25 20:00:00,3,18,428,416,3.9849825639403598,1,Billing,Night
2025-01-25 21:00:00,9,11,242,710,4.748930988365639,0,Billing,Evening
2025-01-25 22:00:00,16,21,268,575,3.9438468987161692,0,Billing,Evening
2025-01-25 23:00:00,2,20,498,628,3.1781144028844377,1,General,Evening
2025-01-26 00:00:00,12,7,468,755,3.468420735297608,1,General,Morning
2025-01-26 01:00:00,12,15,393,362,4.744752592013034,0,General,Morning
2025-01-26 02:00:00,16,12,579,722,4.588786783699241,1,General,Morning
2025-01-26 03:00:00,15,26,524,375,3.2295680731268774,1,General,Night
2025-01-26 04:00:00,12,16,592,343,3.1413180082996153,0,General,Morning
2025-01-26 05:00:00,10,27,383,676,4.613884026020922,0,Tech,Night
2025-01-26 06:00:00,6,5,290,829,3.6093127371764213,0,Billing,Night
2025-01-26 07:00:00,9,28,388,714,3.268727255160046,0,General,Morning
2025-01-26 08:00:00,10,27,242,880,3.534442347568535,0,Billing,Morning
2025-01-26 09:00:00,13,20,518,771,4.4268503067534075,1,General,Night
2025-01-26 10:00:00,13,12,259,620,3.6218487136489497,0,General,Night
2025-01-26 11:00:00,16,23,227,423,4.864812280248561,0,Tech,Night
2025-01-26 12:00:00,3,13,387,642,3.40850972644498,0,Tech,Evening
2025-01-26 13:00:00,1,26,548,375,3.967107585025606,1,Billing,Morning
2025-01-26 14:00:00,13,9,256,794,3.9402851566677017,0,Billing,Evening
2025-01-26 15:00:00,14,28,429,650,4.73298451889743,0,General,Night
2025-01-26 16:00:00,10,27,283,821,4.1852625997415345,1,Billing,Morning
2025-01-26 17:00:00,2,17,379,534,3.964813811721206,1,General,Evening
2025-01-26 18:00:00,12,11,544,355,3.6866403950981708,1,General,Night
2025-01-26 19:00:00,12,7,476,468,4.120166746204895,1,Billing,Night
2025-01-26 20:00:00,1,16,342,386,3.5772778138684336,1,Tech,Morning
2025-01-26 21:00:00,4,24,530,495,4.548836134588172,0,General,Morning
2025-01-26 22:00:00,7,26,300,533,3.5799992272415424,1,General,Morning
2025-01-26 23:00:00,11,20,435,619,3.9586491233718024,1,Tech,Morning
2025-01-27 00:00:00,3,22,216,786,3.564548557603005,0,Billing,Night
2025-01-27 01:00:00,9,8,283,846,3.3034770565552853,1,Billing,Morning
2025-01-27 02:00:00,14,7,330,361,3.015334136969269,1,Tech,Evening
2025-01-27 03:00:00,12,8,317,570,3.382867409194042,1,General,Morning
2025-01-27 04:00:00,18,20,272,730,4.029128132950993,1,General,Night
2025-01-27 05:00:00,8,25,212,371,3.4399909449737223,0,Billing,Morning
2025-01-27 06:00:00,9,15,550,821,4.142346867005059,0,Billing,Night
2025-01-27 07:00:00,6,5,313,833,3.374177501714202,0,Tech,Morning
2025-01-27 08:00:00,13,7,206,443,4.570212953694218,1,Billing,Morning
2025-01-27 09:00:00,7,17,470,423,4.151419945787083,1,General,Night
2025-01-27 10:00:00,14,23,566,714,4.133561590121732,0,General,Morning
2025-01-27 11:00:00,18,10,507,601,3.582796212732845,1,General,Evening
2025-01-27 12:00:00,14,23,260,842,3.3427523807048845,0,Tech,Evening
2025-01-27 13:00:00,16,18,263,638,4.667476969710015,1,Tech,Evening
2025-01-27 14:00:00,19,23,344,344,4.244348725673376,0,General,Morning
2025-01-27 15:00:00,2,28,457,446,3.9497785536850647,0,General,Night
2025-01-27 16:00:00,19,14,312,832,4.379213732541736,0,Tech,Night
2025-01-27 17:00:00,9,14,258,589,4.2515798132419444,0,Tech,Morning
2025-01-27 18:00:00,17,19,217,356,3.333922864143617,1,Billing,Morning
2025-01-27 19:00:00,1,10,517,423,4.020207891203375,0,General,Night
2025-01-27 20:00:00,5,5,571,589,4.860312545538236,0,Tech,Night
2025-01-27 21:00:00,15,19,355,535,3.120280897441103,1,Billing,Night
2025-01-27 22:00:00,15,14,559,745,3.2299802343221806,1,General,Night
2025-01-27 23:00:00,3,25,564,307,3.7270531618491356,1,General,Morning
2025-01-28 00:00:00,12,6,294,345,3.6122749792918762,1,Billing,Night
2025-01-28 01:00:00,14,11,329,828,4.364127179992993,1,Billing,Night
2025-01-28 02:00:00,1,26,415,830,3.8427328290199423,1,Billing,Night
2025-01-28 03:00:00,10,25,210,895,3.314450501773881,1,Tech,Night
2025-01-28 04:00:00,2,15,244,341,3.6196296549738207,0,Billing,Morning
2025-01-28 05:00:00,6,6,543,317,4.804266947298236,1,Billing,Evening
2025-01-28 06:00:00,2,22,373,888,4.6653032575150135,0,Tech,Night
2025-01-28 07:00:00,15,22,408,690,3.1231381658235926,1,General,Evening
2025-01-28 08:00:00,3,26,508,545,4.728481075286256,0,Tech,Night
2025-01-28 09:00:00,13,6,217,504,4.631586312634885,0,General,Morning
2025-01-28 10:00:00,1,5,234,851,4.325998260872082,0,General,Morning
2025-01-28 11:00:00,17,6,204,738,4.398428848512191,0,Billing,Evening
2025-01-28 12:00:00,17,11,217,466,3.4740408342514995,0,Billing,Morning
2025-01-28 13:00:00,9,11,555,700,3.0118914098469496,0,General,Night
2025-01-28 14:00:00,19,6,215,321,3.0343115362266717,1,Billing,Morning
2025-01-28 15:00:00,11,25,491,350,3.7649161996875478,1,Billing,Night
2025-01-28 16:00:00,19,15,469,555,3.699684694171548,0,Tech,Evening
2025-01-28 17:00:00,13,5,303,473,3.139083924992887,0,Billing,Night
2025-01-28 18:00:00,7,25,364,771,4.139072258278189,1,Tech,Evening
2025-01-28 19:00:00,19,18,393,872,4.903808950915257,1,Tech,Morning
2025-01-28 20:00:00,12,16,213,708,3.839062903629091,0,General,Morning
2025-01-28 21:00:00,19,5,254,765,4.019463777309623,0,General,Morning
2025-01-28 22:00:00,3,20,364,813,3.7034425451178197,0,Billing,Night
2025-01-28 23:00:00,14,20,488,351,3.4510788639915644,1,General,Morning
2025-01-29 00:00:00,11,24,346,832,3.7415508114951304,1,Tech,Morning
2025-01-29 01:00:00,14,9,464,867,3.623511771379237,1,Tech,Night
2025-01-29 02:00:00,1,19,233,492,3.1079778462948013,0,Billing,Night
2025-01-29 03:00:00,9,29,379,894,3.157119721768016,0,Billing,Morning
2025-01-29 04:00:00,17,18,399,657,4.395856229438705,1,Tech,Evening
2025-01-29 05:00:00,7,8,563,784,4.58765890879258,1,Tech,Night
2025-01-29 06:00:00,4,8,496,529,3.8458632606467593,1,Tech,Night
2025-01-29 07:00:00,7,8,389,637,4.234284980285558,1,Billing,Evening
2025-01-29 08:00:00,14,19,425,425,3.580948811952699,0,Tech,Night
2025-01-29 09:00:00,16,28,462,441,4.256409681684197,0,General,Evening
2025-01-29 10:00:00,7,26,207,874,4.3795217636789285,1,General,Evening
2025-01-29 11:00:00,10,11,420,839,3.936881995259216,1,Tech,Morning
2025-01-29 12:00:00,2,29,487,864,3.5192887573572964,0,Tech,Night
2025-01-29 13:00:00,15,27,487,695,4.0790350566605404,0,Tech,Evening
2025-01-29 14:00:00,17,11,283,861,3.8581265811760415,0,Tech,Morning
2025-01-29 15:00:00,7,12,596,560,4.693886255047175,0,Tech,Evening
2025-01-29 16:00:00,4,23,494,628,4.631260224976382,0,Billing,Evening
2025-01-29 17:00:00,5,19,442,682,3.311472198352033,1,General,Evening
2025-01-29 18:00:00,17,17,224,489,3.3393174784158983,1,Tech,Night
2025-01-29 19:00:00,4,17,261,425,4.364749254786316,0,Billing,Morning
2025-01-29 20:00:00,9,6,279,837,3.150514410526932,0,Tech,Evening
2025-01-29 21:00:00,15,9,289,822,4.25694181965096,0,Billing,Evening
2025-01-29 22:00:00,17,27,331,763,4.016803882321705,0,Tech,Evening
2025-01-29 23:00:00,16,20,345,482,4.348264826863627,0,General,Evening
2025-01-30 00:00:00,8,27,421,399,4.472609111505606,1,Billing,Night
2025-01-30 01:00:00,1,16,306,325,4.178757781440922,0,Billing,Morning
2025-01-30 02:00:00,8,9,403,608,4.742602753174266,1,Tech,Evening
2025-01-30 03:00:00,8,14,316,775,4.291057537068776,1,Tech,Morning
2025-01-30 04:00:00,6,18,473,731,4.285472253466872,1,Billing,Evening
2025-01-30 05:00:00,6,17,207,397,4.510184414621364,1,General,Evening
2025-01-30 06:00:00,10,14,458,302,4.878550767967556,1,Billing,Morning
2025-01-30 07:00:00,11,25,254,558,3.3205108578315623,1,Billing,Morning
2025-01-30 08:00:00,17,9,446,508,3.5044093749403786,1,Tech,Evening
2025-01-30 09:00:00,8,20,248,425,4.452730518491009,0,Tech,Night
2025-01-30 10:00:00,3,13,400,611,4.4009672766163215,1,Tech,Evening
2025-01-30 11:00:00,3,17,534,684,3.2533323739833113,0,Tech,Evening
2025-01-30 12:00:00,13,24,517,872,3.926948242796235,1,Billing,Evening
2025-01-30 13:00:00,18,18,419,562,3.8786930414366236,1,General,Morning
2025-01-30 14:00:00,13,14,551,402,3.9385121287586675,1,General,Night
2025-01-30 15:00:00,14,8,407,768,4.607785796472681,1,Tech,Night
2025-01-30 16:00:00,9,29,259,353,3.988866527063063,0,General,Morning
2025-01-30 17:00:00,5,16,478,686,4.5395662057684545,1,Billing,Morning
2025-01-30 18:00:00,6,16,351,763,3.8164903501504313,1,Billing,Evening
2025-01-30 19:00:00,10,6,552,498,4.981987645673366,1,General,Night
2025-01-30 20:00:00,11,28,555,870,3.4332877995259032,1,Tech,Night
2025-01-30 21:00:00,1,10,355,371,4.796069654688439,0,General,Night
2025-01-30 22:00:00,19,27,595,687,3.3697400113004394,0,General,Morning
2025-01-30 23:00:00,12,24,461,437,4.434972697962214,0,Billing,Morning
2025-01-31 00:00:00,8,15,234,893,4.645049726758854,1,General,Night
2025-01-31 01:00:00,14,12,401,527,3.4046898471730023,0,Billing,Evening
2025-01-31 02:00:00,16,21,508,753,3.898841192721501,0,Tech,Morning
2025-01-31 03:00:00,16,5,437,871,3.674901379848209,1,General,Night
2025-01-31 04:00:00,16,19,253,704,3.0503878436045495,0,Billing,Morning
2025-01-31 05:00:00,13,9,275,709,4.380569537232269,0,General,Morning
2025-01-31 06:00:00,9,23,269,461,4.722403242530771,0,Billing,Evening
2025-01-31 07:00:00,11,11,589,353,3.5035832972333063,1,Billing,Evening
2025-01-31 08:00:00,4,20,456,662,4.522500114391121,0,Billing,Evening
2025-01-31 09:00:00,10,14,267,466,3.494415077699711,1,General,Morning
2025-01-31 10:00:00,17,18,270,835,4.389191395229064,1,Tech,Morning
2025-01-31 11:00:00,11,25,550,641,4.322251888537634,0,General,Morning
2025-01-31 12:00:00,10,8,268,413,3.0384227325722697,1,General,Night
2025-01-31 13:00:00,7,24,455,376,3.198279642476547,0,Billing,Morning
2025-01-31 14:00:00,10,25,259,510,4.832133038902789,1,Tech,Evening
2025-01-31 15:00:00,16,24,462,573,3.206393500966617,0,Tech,Night
2025-01-31 16:00:00,3,25,273,559,3.2613328125510668,0,General,Morning
2025-01-31 17:00:00,16,21,278,354,3.2562325652344195,1,Tech,Night
2025-01-31 18:00:00,12,15,589,435,3.6263567451005647,1,Tech,Night
2025-01-31 19:00:00,12,25,406,663,4.3019733593572616,1,General,Evening
2025-01-31 20:00:00,3,8,571,885,3.165600194775897,0,Tech,Evening
2025-01-31 21:00:00,1,25,577,550,3.330332843110428,0,Tech,Morning
2025-01-31 22:00:00,8,10,439,827,3.854473428809989,0,General,Evening
2025-01-31 23:00:00,2,25,545,653,4.726728599178685,1,Billing,Evening
2025-02-01 00:00:00,5,13,236,358,3.3172966649881483,0,General,Evening
2025-02-01 01:00:00,3,29,598,613,4.115985250396147,0,Billing,Morning
2025-02-01 02:00:00,13,16,247,693,4.698746452773203,0,Tech,Evening
2025-02-01 03:00:00,1,8,386,310,4.002487222716232,1,Billing,Morning
2025-02-01 04:00:00,8,23,374,597,4.914388666754233,1,General,Evening
2025-02-01 05:00:00,7,8,304,481,3.413456756778298,1,Tech,Evening
2025-02-01 06:00:00,9,9,403,516,3.1571435584198797,0,Billing,Morning
2025-02-01 07:00:00,4,16,239,680,4.078851997891681,0,General,Evening
2025-02-01 08:00:00,2,19,395,887,4.2412754927889535,1,Billing,Morning
2025-02-01 09:00:00,6,26,219,662,4.5743195486039525,0,Tech,Evening
2025-02-01 10:00:00,1,8,224,480,3.672748299719321,1,Tech,Evening
2025-02-01 11:00:00,4,24,456,471,3.6860014103312775,0,Tech,Morning
2025-02-01 12:00:00,1,19,474,819,3.4266034497162403,0,Billing,Night
2025-02-01 13:00:00,6,12,549,638,3.3824497397679325,1,General,Morning
2025-02-01 14:00:00,5,13,458,665,4.632818769575251,0,Tech,Night
2025-02-01 15:00:00,15,14,238,852,4.506746796795472,0,Billing,Night
2025-02-01 16:00:00,9,15,435,306,3.9133233604478583,0,General,Evening
2025-02-01 17:00:00,12,23,447,666,4.638040185807248,0,General,Night
2025-02-01 18:00:00,18,6,520,825,4.199600417166955,0,Billing,Morning
2025-02-01 19:00:00,11,9,203,616,3.691453735630451,1,Billing,Morning
2025-02-01 20:00:00,1,14,356,489,4.317741115781342,0,Tech,Evening
2025-02-01 21:00:00,10,14,558,683,4.777400130498865,0,Billing,Night
2025-02-01 22:00:00,5,20,598,421,4.251066477767029,1,Tech,Night
2025-02-01 23:00:00,1,25,209,497,3.371716151447736,0,General,Morning
2025-02-02 00:00:00,16,5,387,725,3.4299580711038624,1,General,Night
2025-02-02 01:00:00,14,14,378,810,4.472357598184533,0,Tech,Evening
2025-02-02 02:00:00,6,24,308,588,3.5629719554971846,1,Billing,Morning
2025-02-02 03:00:00,17,8,264,352,4.144446998325996,1,General,Morning
2025-02-02 04:00:00,9,24,493,727,4.273820450426927,0,General,Night
2025-02-02 05:00:00,14,8,507,496,4.439651394363797,0,Tech,Night
2025-02-02 06:00:00,9,8,449,866,4.159277307586114,0,Billing,Night
2025-02-02 07:00:00,4,17,503,323,3.289046617518083,0,General,Evening
2025-02-02 08:00:00,17,5,229,418,3.0341144111758327,1,Tech,Evening
2025-02-02 09:00:00,1,14,580,488,3.3603433562559926,0,General,Evening
2025-02-02 10:00:00,1,8,229,751,3.0464876914699257,0,Tech,Night
2025-02-02 11:00:00,6,10,485,860,4.433841990477264,1,Tech,Night
2025-02-02 12:00:00,9,29,204,744,3.1719328464079792,1,Tech,Morning
2025-02-02 13:00:00,15,29,596,373,4.8375400808232705,0,Billing,Morning
2025-02-02 14:00:00,9,23,326,543,3.554730500578481,1,General,Evening
2025-02-02 15:00:00,5,25,401,345,4.8566422172649215,1,General,Evening
2025-02-02 16:00:00,17,22,443,704,3.078257576053403,0,Billing,Evening
2025-02-02 17:00:00,1,17,546,344,3.311732533699521,0,General,Morning
2025-02-02 18:00:00,3,13,258,381,3.319609847481898,1,Billing,Evening
2025-02-02 19:00:00,17,23,393,645,3.902341076624298,1,Tech,Evening
2025-02-02 20:00:00,12,14,376,572,3.577979558191056,1,Tech,Evening
2025-02-02 21:00:00,6,21,513,881,4.328982677069954,1,Billing,Evening
2025-02-02 22:00:00,19,15,331,379,4.479310245779741,0,Tech,Evening
2025-02-02 23:00:00,14,27,305,594,3.6898758583200415,0,Tech,Night
2025-02-03 00:00:00,14,9,244,875,3.777900130911984,1,Tech,Evening
2025-02-03 01:00:00,12,18,483,572,3.214694963484446,1,Billing,Evening
2025-02-03 02:00:00,2,10,297,382,3.18059968607734,1,General,Night
2025-02-03 03:00:00,7,28,286,820,4.257575748239374,1,General,Morning
2025-02-03 04:00:00,11,19,356,778,3.258597277919914,1,Billing,Evening
2025-02-03 05:00:00,10,21,399,642,4.862830259124417,1,Tech,Evening
2025-02-03 06:00:00,14,26,365,384,3.8982100722099906,1,Tech,Night
2025-02-03 07:00:00,18,26,230,551,3.036001365304447,0,Tech,Evening
2025-02-03 08:00:00,17,10,506,610,4.223482780452431,1,General,Morning
2025-02-03 09:00:00,9,15,273,715,4.0955863632054745,1,Billing,Morning
2025-02-03 10:00:00,16,26,391,595,3.131360350419274,1,General,Evening
2025-02-03 11:00:00,5,7,470,763,3.8180542429500997,0,Billing,Morning
2025-02-03 12:00:00,15,10,283,690,3.4269786353105562,1,Billing,Night
2025-02-03 13:00:00,11,19,529,352,4.0549117942280715,0,Tech,Evening
2025-02-03 14:00:00,14,29,250,413,3.4440532176127894,0,Billing,Evening
2025-02-03 15:00:00,7,16,441,643,4.033959010999267,0,Billing,Night
2025-02-03 16:00:00,15,22,560,583,3.5075568299301625,1,Billing,Evening
2025-02-03 17:00:00,17,19,342,719,4.818630040957922,1,Tech,Evening
2025-02-03 18:00:00,19,21,241,525,3.3975392955133517,0,Billing,Morning
2025-02-03 19:00:00,17,8,358,773,3.0567256707808985,0,Billing,Evening
2025-02-03 20:00:00,15,16,334,753,3.673795101609751,0,General,Night
2025-02-03 21:00:00,8,8,549,823,4.492910864540695,1,Billing,Night
2025-02-03 22:00:00,15,21,524,761,3.9305799381244135,1,Billing,Morning
2025-02-03 23:00:00,3,6,201,811,3.173499768300185,1,Tech,Evening
2025-02-04 00:00:00,8,25,533,640,3.7444887379235627,0,Tech,Night
2025-02-04 01:00:00,3,23,214,341,4.525931730892804,0,General,Evening
2025-02-04 02:00:00,7,23,319,746,3.562469417169733,0,Tech,Evening
2025-02-04 03:00:00,10,11,271,449,3.5554263627177765,0,General,Evening
2025-02-04 04:00:00,19,11,296,631,4.801591408814044,1,Billing,Night
2025-02-04 05:00:00,8,24,443,504,3.0033213813415793,1,General,Evening
2025-02-04 06:00:00,17,28,262,427,3.916260107902205,0,Billing,Evening
2025-02-04 07:00:00,10,17,344,808,4.33341548606157,0,Billing,Night
2025-02-04 08:00:00,2,8,208,881,3.481528894148335,1,Tech,Night
2025-02-04 09:00:00,6,24,297,634,3.438558327739437,0,General,Morning
2025-02-04 10:00:00,12,17,457,660,4.837108120551017,1,General,Evening
2025-02-04 11:00:00,11,15,299,512,3.6436912852172236,0,Tech,Morning
2025-02-04 12:00:00,7,6,287,664,4.55102987803863,0,General,Night
2025-02-04 13:00:00,5,5,218,878,3.7344924062250104,0,General,Night
2025-02-04 14:00:00,16,18,574,366,4.284429806287327,0,General,Evening
2025-02-04 15:00:00,14,27,304,538,3.192364814110782,1,Billing,Morning
2025-02-04 16:00:00,11,25,224,677,4.080662880650966,1,Tech,Morning
2025-02-04 17:00:00,10,15,597,358,4.925428283433877,0,Tech,Evening
2025-02-04 18:00:00,5,12,443,415,3.5524155945119,1,Tech,Night
2025-02-04 19:00:00,15,14,424,898,3.884892488831185,1,Billing,Night
2025-02-04 20:00:00,19,19,525,867,4.764430712372428,1,Billing,Night
2025-02-04 21:00:00,15,23,483,391,3.3382915105746123,1,Billing,Night
2025-02-04 22:00:00,17,11,443,683,4.450552121219189,0,Tech,Evening
2025-02-04 23:00:00,11,6,421,492,3.9581400833756994,1,Tech,Morning
2025-02-05 00:00:00,8,19,433,530,4.648708959836845,0,Billing,Night
2025-02-05 01:00:00,9,21,351,626,3.9330317221469855,0,Billing,Morning
2025-02-05 02:00:00,18,22,425,459,4.401968023505269,0,Tech,Evening
2025-02-05 03:00:00,17,29,245,436,4.710626093769955,1,Tech,Morning
2025-02-05 04:00:00,14,26,424,504,3.612642024539248,0,General,Morning
2025-02-05 05:00:00,11,11,324,301,3.0861854032142184,0,Tech,Night
2025-02-05 06:00:00,13,19,484,715,4.953790748707287,1,General,Morning
2025-02-05 07:00:00,12,13,205,322,4.873563092513983,1,General,Evening
2025-02-05 08:00:00,10,14,418,803,4.280021217876787,1,General,Night
2025-02-05 09:00:00,6,22,374,597,4.963623284503674,1,Tech,Night
2025-02-05 10:00:00,3,22,262,478,4.749914567049544,1,Billing,Evening
2025-02-05 11:00:00,14,16,465,786,4.324605072928311,0,General,Morning
2025-02-05 12:00:00,2,13,283,651,3.8915917749584437,0,Billing,Evening
2025-02-05 13:00:00,12,27,254,499,4.062234489398191,0,Billing,Morning
2025-02-05 14:00:00,4,27,392,598,3.4045065328197475,0,Billing,Morning
2025-02-05 15:00:00,10,29,375,626,3.561820207476762,0,Tech,Morning
2025-02-05 16:00:00,13,11,479,449,3.984074035011341,1,Billing,Night
2025-02-05 17:00:00,16,22,261,358,4.800488907804128,1,General,Night
2025-02-05 18:00:00,6,11,412,550,3.9442828592682444,1,General,Evening
2025-02-05 19:00:00,14,13,521,357,3.4755257194657845,0,General,Evening
2025-02-05 20:00:00,9,10,539,793,3.7095177900977925,0,General,Night
2025-02-05 21:00:00,8,28,327,774,4.902166484112963,1,Tech,Night
2025-02-05 22:00:00,4,20,524,812,3.765467658342721,1,Billing,Night
2025-02-05 23:00:00,7,15,266,696,4.7170615837695635,0,General,Morning
2025-02-06 00:00:00,15,21,206,554,4.234946850451264,0,Tech,Night
2025-02-06 01:00:00,12,11,445,896,4.8904964105499396,1,Billing,Morning
2025-02-06 02:00:00,12,5,443,705,3.908692099323165,1,Tech,Morning
2025-02-06 03:00:00,13,22,533,748,4.948371166607505,1,General,Night
2025-02-06 04:00:00,7,15,347,746,3.34707467001945,0,General,Night
2025-02-06 05:00:00,13,17,236,872,3.0572042324904833,0,General,Night
2025-02-06 06:00:00,4,23,533,445,4.998251884884955,0,Billing,Evening
2025-02-06 07:00:00,14,29,395,790,3.0107896538820462,1,Tech,Night
2025-02-06 08:00:00,11,11,452,685,4.679075993691058,0,Tech,Night
2025-02-06 09:00:00,2,15,233,521,3.9917211294201165,1,General,Evening
2025-02-06 10:00:00,3,12,220,634,4.079386525390108,0,Tech,Evening
2025-02-06 11:00:00,11,21,549,612,4.973546346097114,0,Tech,Evening
2025-02-06 12:00:00,19,19,286,422,4.865941466675542,1,Tech,Night
2025-02-06 13:00:00,16,22,448,666,3.809430329675672,1,Billing,Night
2025-02-06 14:00:00,15,13,503,598,4.521852588203604,1,General,Night
2025-02-06 15:00:00,6,25,363,563,4.446399023270552,0,General,Night
2025-02-06 16:00:00,5,11,312,888,3.0001641437229214,0,General,Evening
2025-02-06 17:00:00,10,28,428,520,3.0291424310820343,0,Tech,Night
2025-02-06 18:00:00,8,14,236,750,4.1732766342625105,1,Billing,Morning
2025-02-06 19:00:00,10,15,405,755,4.59022136489469,1,Tech,Evening
2025-02-06 20:00:00,5,6,362,658,4.619882888839332,1,Tech,Night
2025-02-06 21:00:00,14,16,317,419,4.887859751640494,0,Billing,Evening
2025-02-06 22:00:00,9,11,420,891,4.373648616666647,0,Billing,Morning
2025-02-06 23:00:00,7,15,374,611,4.232630221477141,1,General,Evening
2025-02-07 00:00:00,18,6,261,548,4.885632656919042,0,Tech,Night
2025-02-07 01:00:00,16,15,567,726,3.016697193345122,1,Billing,Night
2025-02-07 02:00:00,19,14,455,342,3.2553975230928156,1,General,Morning
2025-02-07 03:00:00,4,20,258,578,4.576432489526004,1,General,Evening
2025-02-07 04:00:00,9,11,570,742,4.774576125327823,0,General,Night
2025-02-07 05:00:00,17,10,403,827,4.024933851166377,1,Tech,Morning
2025-02-07 06:00:00,15,12,243,793,4.9383802795571,1,Billing,Night
2025-02-07 07:00:00,5,27,284,449,4.18880630869862,1,Billing,Morning
2025-02-07 08:00:00,5,13,261,371,4.450590879667578,0,Billing,Morning
2025-02-07 09:00:00,17,21,205,734,4.084274194008174,0,Tech,Night
2025-02-07 10:00:00,4,23,596,827,4.195583648584104,0,Billing,Night
2025-02-07 11:00:00,5,8,405,330,3.470921881365438,1,General,Night
2025-02-07 12:00:00,9,23,308,763,4.303704338975544,0,Tech,Night
2025-02-07 13:00:00,14,8,269,795,4.74870706062676,0,Tech,Morning
2025-02-07 14:00:00,7,26,419,408,3.4636318487965223,0,General,Night
2025-02-07 15:00:00,9,14,534,754,3.934982203971442,1,General,Night
2025-02-07 16:00:00,3,5,313,756,3.2748178027864006,1,Tech,Evening
2025-02-07 17:00:00,5,26,336,597,3.2052057883012086,1,Billing,Night
2025-02-07 18:00:00,11,5,593,337,3.315824443567391,1,Billing,Morning
2025-02-07 19:00:00,17,17,490,465,4.656836683638746,0,Billing,Night
2025-02-07 20:00:00,18,18,552,670,3.3533455324095116,1,Billing,Night
2025-02-07 21:00:00,11,10,530,429,4.519955834606254,0,General,Night
2025-02-07 22:00:00,8,23,511,706,3.687682943335171,1,Billing,Evening
2025-02-07 23:00:00,13,6,542,552,3.8915543806221162,0,General,Evening
2025-02-08 00:00:00,8,16,568,672,4.278400305874207,1,General,Evening
2025-02-08 01:00:00,14,15,257,678,4.899874815550893,1,General,Morning
2025-02-08 02:00:00,3,29,568,785,3.3030927770592755,0,General,Morning
2025-02-08 03:00:00,4,9,527,346,4.3849097850078325,0,Tech,Evening
2025-02-08 04:00:00,6,16,396,842,4.269306739205907,0,Tech,Morning
2025-02-08 05:00:00,5,11,393,465,4.052360303515819,0,General,Night
2025-02-08 06:00:00,3,10,495,374,3.78350269690414,1,Tech,Morning
2025-02-08 07:00:00,17,15,227,474,4.821652245113419,1,General,Night
2025-02-08 08:00:00,9,11,405,808,4.03768408498234,0,Billing,Morning
2025-02-08 09:00:00,17,12,428,383,3.488122425224444,1,Tech,Night
2025-02-08 10:00:00,17,10,505,486,4.467040482090412,1,General,Night
2025-02-08 11:00:00,4,10,551,699,4.606852723704516,1,Billing,Night
2025-02-08 12:00:00,12,24,310,828,3.908002746225111,0,General,Night
2025-02-08 13:00:00,4,23,564,371,3.872825933992056,0,Billing,Morning
2025-02-08 14:00:00,9,18,498,399,3.511189997109673,1,General,Morning
2025-02-08 15:00:00,9,7,571,798,3.4790559323929138,1,Tech,Night
2025-02-08 16:00:00,1,8,431,759,4.966691211084769,1,Billing,Evening
2025-02-08 17:00:00,17,7,254,398,3.5617068460979358,1,General,Evening
2025-02-08 18:00:00,8,5,348,636,4.428658923658224,0,General,Night
2025-02-08 19:00:00,12,15,472,395,3.354868395298689,1,Billing,Night
2025-02-08 20:00:00,5,12,255,470,3.3133202637727734,1,Billing,Evening
2025-02-08 21:00:00,4,18,578,411,3.265351715797092,1,General,Morning
2025-02-08 22:00:00,2,16,261,440,4.831965467247491,1,General,Evening
2025-02-08 23:00:00,6,21,557,865,3.6539833121392733,1,Tech,Evening
2025-02-09 00:00:00,14,20,380,632,3.039868529331623,0,Tech,Evening
2025-02-09 01:00:00,13,6,291,590,3.106203653326989,0,General,Night
2025-02-09 02:00:00,5,23,594,639,3.671532600113875,0,Billing,Night
2025-02-09 03:00:00,18,12,548,637,4.731418161439551,1,Billing,Night
2025-02-09 04:00:00,11,17,391,325,4.714309406792155,0,Billing,Morning
2025-02-09 05:00:00,1,9,250,442,3.8442838668963546,0,Tech,Morning
2025-02-09 06:00:00,6,29,564,727,3.864089523690333,0,General,Night
2025-02-09 07:00:00,2,6,500,573,4.969973738355199,1,General,Morning
2025-02-09 08:00:00,9,28,409,581,3.134417946714713,1,Billing,Evening
2025-02-09 09:00:00,3,12,229,472,3.9137470720770606,0,Billing,Night
2025-02-09 10:00:00,11,13,480,689,3.6782408265840303,1,Billing,Night
2025-02-09 11:00:00,6,29,539,898,3.035858186296389,1,Tech,Evening
2025-02-09 12:00:00,11,28,598,539,3.8100737423929916,1,Tech,Morning
2025-02-09 13:00:00,6,19,258,842,4.517897428092815,1,General,Night
2025-02-09 14:00:00,19,28,596,318,4.0706696255150625,1,Billing,Evening
2025-02-09 15:00:00,8,23,321,611,4.329932481367448,0,Billing,Night
2025-02-09 16:00:00,17,13,261,547,3.41250134280206,0,Tech,Night
2025-02-09 17:00:00,5,8,270,558,4.1617372363402545,0,Billing,Morning
2025-02-09 18:00:00,12,7,577,578,4.6315064369915575,1,General,Night
2025-02-09 19:00:00,10,29,234,730,3.4134410969035,0,Tech,Evening
2025-02-09 20:00:00,10,16,433,673,4.469316559942552,1,Billing,Morning
2025-02-09 21:00:00,3,10,595,532,3.1987741493451987,0,Tech,Night
2025-02-09 22:00:00,6,13,595,681,4.574341475257863,1,General,Night
2025-02-09 23:00:00,13,20,326,631,4.101500524537908,0,Billing,Night
2025-02-10 00:00:00,9,28,295,882,3.277402040320662,1,General,Night
2025-02-10 01:00:00,7,14,406,651,4.726105299046679,1,Billing,Night
2025-02-10 02:00:00,7,17,334,783,4.746113811379363,1,Tech,Night
2025-02-10 03:00:00,11,15,535,579,4.749366597980139,0,Billing,Morning
2025-02-10 04:00:00,3,5,594,617,4.5581537824341485,1,Tech,Evening
2025-02-10 05:00:00,13,15,244,893,4.175396361226221,1,Tech,Evening
2025-02-10 06:00:00,2,24,328,439,4.112357803499712,1,General,Evening
2025-02-10 07:00:00,10,22,319,616,3.0177479560931753,1,General,Evening
2025-02-10 08:00:00,7,23,442,864,4.120668118967106,1,Tech,Evening
2025-02-10 09:00:00,4,25,532,640,3.8498498866314885,1,Billing,Evening
2025-02-10 10:00:00,16,15,344,566,4.1543878305976705,0,General,Night
2025-02-10 11:00:00,11,19,437,544,3.559369243288158,1,General,Morning
2025-02-10 12:00:00,15,7,306,311,4.10476676697086,0,General,Morning
2025-02-10 13:00:00,4,23,202,687,3.4399093875203492,0,Tech,Night
2025-02-10 14:00:00,9,12,539,802,4.233033992930662,1,Tech,Morning
2025-02-10 15:00:00,19,18,276,721,3.0080867933459823,1,Billing,Evening
2025-02-10 16:00:00,14,27,261,504,3.4172313046278027,1,Billing,Morning
2025-02-10 17:00:00,13,23,436,704,3.6527774469634204,0,General,Morning
2025-02-10 18:00:00,15,28,390,389,4.32417679986656,0,Tech,Night
2025-02-10 19:00:00,4,7,468,513,3.7572602096714416,1,General,Night
2025-02-10 20:00:00,11,20,272,895,3.297879891244673,1,General,Morning
2025-02-10 21:00:00,1,15,371,493,3.264120235499983,0,General,Night
2025-02-10 22:00:00,13,17,595,864,3.179515335214866,1,Billing,Night
2025-02-10 23:00:00,14,6,286,427,3.5109531194033994,1,Billing,Morning
2025-02-11 00:00:00,19,8,568,799,4.548693202261355,0,General,Night
2025-02-11 01:00:00,16,22,286,813,3.667615456577602,0,General,Evening
2025-02-11 02:00:00,9,25,339,758,3.451891339593371,1,Tech,Night
2025-02-11 03:00:00,14,22,306,407,4.242956045616247,0,General,Evening
2025-02-11 04:00:00,13,12,401,716,4.901088262902897,1,Billing,Evening
2025-02-11 05:00:00,13,21,592,620,4.421273726177627,0,Tech,Morning
2025-02-11 06:00:00,19,26,556,771,4.445481304196557,1,Billing,Night
2025-02-11 07:00:00,9,28,470,306,4.368751598585012,1,General,Evening
2025-02-11 08:00:00,8,28,474,404,4.474676076297913,0,Billing,Morning
2025-02-11 09:00:00,11,28,341,628,3.9685486413947735,1,General,Morning
2025-02-11 10:00:00,18,17,357,670,4.417759782093317,0,Tech,Morning
2025-02-11 11:00:00,12,21,520,325,4.197804669883523,0,Tech,Night
2025-02-11 12:00:00,9,12,538,664,4.975041754651031,1,General,Night
2025-02-11 13:00:00,7,11,209,751,4.81710410955456,1,Billing,Night
2025-02-11 14:00:00,2,26,211,843,3.7185328964072877,0,Tech,Evening
2025-02-11 15:00:00,18,13,424,652,4.364673089454309,0,Billing,Evening
